,Ticker,Gross Profit,ROE,ROA,NDebt/Ebitda,Current Ratio,Interest Cover,EBITDA/Trevenue,Earnpershare,OpCashflow Ratio,EBIT/TRevenue,Price Increase(%)
0,ADBE,0.8770305577643985,0.3384812468863426,0.5286794130724767,0.6641341743119266,1.106791338582677,54.642857142857146,0.3962285584459843,10.183028286189684,0.9643208661417323,0.3476087697375895,93.80297942258127
1,ADBE,0.8818498574596135,0.3258768669324863,0.5562348598454262,0.7073872237359976,1.2505770340450086,51.48672566371681,0.4184985745961356,9.680532445923461,1.0429890363531449,0.3685777636997149,-42.90584213417614
2,ADBE,0.8661796705004663,0.396562123039807,0.6457156886815615,0.9324618736383442,1.477866473149492,37.0,0.39236866645943425,7.141430948419301,1.0390058055152396,0.33354056574448243,49.21291051974399
3,AMD,0.4492606245498072,0.02410958904109589,0.08788867434582862,0.5173473075533068,2.358140995446695,14.454545454545455,0.23448158976314562,0.7732522796352583,0.5597425027476841,0.05389602135502733,151.54039129202116
4,AMD,0.4824753559693319,0.4217687074829932,0.3684026564138413,0.1586653864618339,2.024292452830189,108.91176470588235,0.25349884386028965,3.0056818181818183,0.8304245283018868,0.22532554460265303,-45.73302476480864
5,AMD,0.44525248386766364,0.4265890011992462,0.4053394107113788,0.3168257756563246,2.5415804716590813,28.127659574468087,0.17166854450476288,1.086277732128184,0.443111294993794,0.13540919799242035,75.1956151704704
6,GOOGL,0.5537944250378312,0.2341339246673746,0.3639188082162687,0.3485086895255989,2.377994227994228,200.7983193277311,0.30109321302804454,5.579033387812281,1.3202741702741703,0.25345076298632424,68.13574316469729
7,GOOGL,0.5693980290098084,0.30215590041131,0.40412345928363,0.2742921726026603,2.928113424845146,263.2369942196532,0.40180952270054376,6.877896940287349,1.4264014691692346,0.35352065114870923,-31.99389164907485
8,GOOGL,0.5357837470620785,0.18094848659141563,0.23103800431449947,0.43240624091481733,3.0667558151810534,357.162962962963,0.3392046108246999,3.570455346537879,1.1458633916317698,0.2641636579793674,74.92364083108356
9,AMZN,0.13159968325800658,-0.018638346240490815,-0.01854337118760687,3.653473091364205,0.9446435811136924,-1.507815800591466,0.07461725387804655,-0.3317839546341917,0.3008629732356026,-0.00694380942560357,91.12121367991752
10,AMZN,0.14114920118683247,0.2413396506202756,0.20648595123158806,1.564596131356445,1.1357597739445826,22.08955223880597,0.15834294690329528,3.755639097744361,0.3256364837698396,0.0850534883423935,-43.936358332815935
11,AMZN,0.13339757138712752,0.22837351719412444,0.1607060791212434,1.6522241365807815,1.0502274795268425,15.680024286581663,0.13229930788677524,2.450189753320683,0.5227202595244689,0.06689305400140909,12.082300546715578
12,AAL,0.18453778767025383,-0.021900327642697018,0.008317506058026065,9.826135852451642,0.7103181987346483,1.0948012232415902,0.09078842580302628,3.3013523229004265,0.10108857461853368,0.043862694247615935,15.323225197217646
13,AAL,0.0009035539789840038,0.2715258855585831,-0.11496308260267651,29.097038437303087,0.9121330106282227,-0.41555555555555557,0.053108894986948665,-1.1548064429770049,0.037040934441755234,-0.025031791714075362,-26.26882296698766
14,AAL,-0.4167964469054623,1.2938692296490462,-0.800811176205498,-5.221614052953157,0.6696239966201943,-8.334148329258353,-0.45313491376824133,-16.454283106692614,-0.3948940793047257,-0.5898367652996481,27.260362099310104
15,AMGN,0.7566386810014056,1.7896749521988529,0.29532137383935814,3.2003451392883555,1.414292088990884,6.22475106685633,0.4622953310792843,16.38951310861423,0.6196850895646077,0.3324848991376363,15.524426534852617
16,AMGN,0.7515685746179607,0.8795522388059701,0.303997936548878,2.9487429178470257,1.5910210111621799,6.598162071846282,0.4348127333615613,14.14651620992298,0.7600952068286277,0.30401478116940606,24.939729849429533
17,AMGN,0.7577485840151038,0.7720267828674673,0.3435489973514945,2.538165589412127,1.814468377241912,7.444532488114104,0.5111705475141598,16.245893135051013,0.9007980777482193,0.3695327249842668,5.803882688383447
18,ADI,0.6269771489866824,0.07537465114459564,0.5566151180479839,1.1796781864027377,2.0215675156745427,16.462202107700293,0.4658463371714539,6.477878055580263,1.832187517271166,0.274610446703096,28.702357712441863
19,ADI,0.6183158187586547,0.03659723532055317,0.25852362365401665,2.6360104212508206,1.9414120142424391,8.189038279453538,0.3536583566151965,2.881116753068627,0.9872783282171828,0.2068160495504002,-13.128298281033887
20,ADI,0.6586544914061184,0.1017475075940088,0.48487382074347574,2.238934384641459,1.8444789909933141,7.7852202477949355,0.41331819635570305,4.073027081953896,1.471434139251245,0.268589498302355,57.745996751049866
21,AAPL,0.43309630561360085,1.9695887275023682,0.7370702706694731,0.9018386936862504,0.8793560286267226,41.635619242579324,0.33763263070337385,7.654189736521482,0.7932810328479952,0.3094733318455702,34.528577791964025
22,AAPL,0.4177935962516778,1.5007132667617689,0.7021863597258893,1.0128557042619544,1.0745531195957954,42.288090737240076,0.33660546120054563,6.809122612299205,0.8291135709788733,0.305759437095597,15.447692319251813
23,AAPL,0.38233247727810865,0.8786635853012749,0.3994836931940743,1.3877561096025672,1.3636044481554577,24.352245040027846,0.2951386991603373,4.121162556136291,0.7654660695308941,0.25486403293080523,33.601987966231064
24,AMAT,0.465115377157262,0.5350992291290799,0.4097331240188383,0.7047515415306492,2.158151511044857,34.328947368421055,0.3207678883071553,3.8805156172533466,0.7316709581244071,0.30354857475276326,70.5042974620439
25,AMAT,0.4732255127260114,0.48077080101249287,0.36555534860619604,0.7773273881907851,2.5389344262295084,29.690677966101696,0.3209036118458136,3.4843361511685726,0.8578184110970997,0.30381997138273426,-33.285257464212215
26,AMAT,0.44715730728985004,0.3421251654377009,0.2707008751589498,1.1934337097448766,2.9982058757568963,18.358333333333334,0.27799093128705965,2.1975062344139653,0.8531060775958735,0.25613300778979187,139.80992549300188
27,ASML,0.5053557765876052,0.6383302310800382,0.24384237521081817,0.6000140835152454,1.2825518806023266,107.18585526315789,0.33535001464101183,16.165430500354518,0.47191885940523587,0.3077871291337244,41.707431380537145
28,ASML,0.5270538928590618,0.5801629094925349,0.32342690019900827,0.6339422771086004,1.479118555862742,123.81135531135531,0.3885390360539466,16.631023826403652,0.8819157586599448,0.36323142227714794,-15.590633991719486
29,ASML,0.4862610437457524,0.2562998543136152,0.22308223477715003,1.0280176676115762,2.412357083364882,93.7621247113164,0.32554995171155704,9.678007893100899,0.7007798894525631,0.2904388882927353,69.98998061386709
30,ADSK,0.9046967624259006,0.585394581861013,0.17981186685962372,3.9344473007712084,0.689448740334248,9.692307692307692,0.1773825809393525,2.8872593950504126,0.38189074582190075,0.1436388508891929,-6.22655689172926
31,ADSK,0.9110817941952507,1.2511651993785604,0.46010283755475145,2.9149584487534628,0.8066795710818201,11.72549019607843,0.19050131926121372,2.723132969034608,0.44151534703659323,0.15778364116094987,-6.028710538577977
32,BIDU,0.4830402263998383,0.033824358549834885,0.0355132722574583,2.759189344287052,2.672987567499686,4.471335393065568,0.26770972306448354,4.576608010497191,0.32864498304659046,0.1053163533454619,1.8722459059062464
33,BIDU,0.4833926405500711,0.048359256404314786,0.04793849471438952,2.48944447467218,2.863749865750188,4.1505407775504235,0.29526158097242416,5.1365016690797916,0.27013747180753944,0.11405460547982617,-17.803426017180573
34,BIDU,0.484860937295702,0.123002145640846,0.12256875129539331,1.688694869855031,2.681026540908094,8.441185949081534,0.45675887703831,9.776684739306173,0.35387877458506983,0.24462521246988064,-25.13014408997305
35,BIIB,0.7760532368726286,0.22741623687294277,0.3111875970259008,1.5180866691149468,2.9916890735761426,15.56528791565288,0.42825407435075785,22.874851013110845,0.422971156196529,0.3772976585998781,-0.5050491108471744
36,BIIB,0.8078894888769498,0.14281125530001285,0.19806529625151148,2.6400124995659873,1.8278581731887766,7.881703470031546,0.2622635839624102,11.702576112412178,0.8468428644548881,0.1820118925120883,33.06771373865905
37,BIIB,0.8657304791514809,0.3738773679242638,0.580883100288946,1.3650345260514751,1.8403880070546736,23.685393258426966,0.4265504366065186,29.909194097616346,1.1302976858532414,0.3919789357809083,11.384234623857399
38,AVGO,0.6654519169954523,0.5061869743273592,0.6212170341547774,2.062907856956408,2.6239364719228586,8.15831894070236,0.5769057012920519,33.90191387559808,2.373227453204765,0.4267987832424781,108.31736007447772
39,AVGO,0.6136247723132969,0.269850172261838,0.406125648136983,2.7043768293513035,2.6406623149180066,4.588859416445623,0.5351912568306011,20.944309927360774,2.191370800827894,0.3151183970856102,-6.911361508630554
40,AVGO,0.5658070997990623,0.12398425064924186,0.24884405212274066,3.6909662921348314,1.8670538377020875,2.374788970174451,0.4657150033489618,10.368550368550368,1.8931094019777115,0.17665773610180843,59.5665110239603
41,CDNS,0.8956618687947783,0.3092594002505544,0.49740357061039964,0.7372228088262538,1.2664332312331565,46.581363913839716,0.3379624664277183,3.245524972657674,0.9214941648561693,0.2999386812768445,80.2556714064016
42,CDNS,0.8972620709687696,0.25393561805029785,0.40562278488537795,0.49634380761409297,1.7666030013642564,46.25530035335689,0.30657369344671986,2.3861264616796136,1.1335766686401194,0.26283496260680184,3.0715677331120843
43,CDNS,0.8861310429682011,0.23691926813203915,0.3994651650528511,0.5732828293512088,1.8556377446009578,31.49534917345414,0.29953993658333494,1.985347551342812,1.135683878675917,0.24357940743772297,48.33345509668911
44,CHTR,0.45779497241864425,0.5543370983660489,1.258401792382375,4.6653123655657,0.3329465395772897,2.63784021071115,0.38726815001295767,78.72839840437229,1.2370493162038956,0.22246492169856724,18.651763454099726
45,CHTR,0.45385240509268215,0.3312455516014235,1.3051037577117217,4.644916540212443,0.28624177235511317,2.582363140946247,0.3825316357726094,60.35038408344847,1.3034997591908815,0.20171432994079178,-43.10778181218777
46,CHTR,0.4407343493357174,0.13534971644612476,0.8242517267843438,4.648090063851238,0.39584810126582276,2.117983367983368,0.37120818346258605,42.068643090060455,1.474632911392405,0.16944923799821196,9.427277918256
47,CTAS,0.46244381694525366,0.3735440705447924,0.4695155705792933,1.4936962622395165,1.8368353467467844,17.86965917788483,0.2530171715200245,8.319164197979289,1.0730935382339188,0.20212875259772825,35.37445888231698
48,CTAS,0.4657803027961002,0.30125110938713023,0.3907306592424531,1.5313781420703418,1.4701055020849652,14.112198350473475,0.24927280034399704,7.33035549547119,0.7035574961803643,0.19475727691481856,16.232077758339095
49,CTAS,0.4564140056907999,0.27078278265159333,0.37928621868044277,1.7536566504854683,2.609254458057264,11.041378459669996,0.21774324217515018,6.22979828169019,1.4589813543908405,0.16424337202475045,47.03807517294015
50,CSCO,0.6254824757064996,0.29698539210016844,0.32170384290655557,0.5665713945456711,1.4320202808112326,41.21388888888889,0.32573656341524915,3.609975669099757,0.5158346333853354,0.28777857516923017,24.95695098537459
51,CSCO,0.6402103657312618,0.2565960024227741,0.27078645939865004,0.7408407250289241,1.4895837300529382,31.557603686635943,0.312296760207154,3.247806497510078,0.5885668583615797,0.2749207113894576,-14.431445053687048
52,CSCO,0.6426441654327498,0.29572784810126584,0.25736120992357653,0.8912179918107926,1.7201452765386285,24.88034188034188,0.33189996146122797,3.4352135945244275,0.6089771426315582,0.2952272773371737,35.49377813794985
53,CTSH,0.3592752728021412,0.18604273295962304,0.31516652903936143,0.42563817980022195,2.1708993128174483,159.73684210526315,0.18550545604282478,5.962671905697446,0.7672542575440693,0.15621782993617458,37.71533119231075
54,CTSH,0.3729940022694116,0.17821699608039362,0.2910651048760556,0.481524926686217,2.080476055539813,315.1111111111111,0.18425460636515914,5.4019047619047615,0.7069991499008218,0.1532393148538391,-31.38449897217552
55,CTSH,0.35917607494595244,0.12846068660022147,0.20318201722376295,0.6562150055991042,1.9353107344632767,88.33333333333333,0.1608815757866923,4.0,0.9319209039548022,0.12731203459043958,16.049637792691954
56,CMCSA,0.6853006333023133,0.06634298209851378,0.24603683680014662,3.702936928261916,0.7826585864381252,3.3829568788501025,0.22236405412305335,2.5879112163924534,0.9471438304586366,0.10854258113928533,32.07422460102118
57,CMCSA,0.6696309661898011,0.14734837447446197,0.570766315959205,2.6903007154768948,0.8452705465449094,5.459939266526512,0.31943979035099024,4.3236973133724135,0.993117077824724,0.20083344073548998,-26.900544563859736
58,CMCSA,0.680188096249662,0.11662588709409563,0.393926928686287,3.4304790098573363,0.9286359216557856,4.065605928509155,0.30660268046811634,3.4204053538833197,0.8590429226281427,0.18011084932988297,5.670353132176474
59,COST,0.12148717361227385,0.2831121015405484,0.17873746023978468,0.9132147908668418,1.0218138633664604,50.620253164556964,0.043612361976435754,18.067879926987512,0.23101443840240016,0.035240621447518,10.790856561995934
60,COST,0.12884769482822858,0.28507173764518334,0.16970005083884088,1.1738878591288229,1.0021738392038313,40.06432748538012,0.04405677566873714,15.506139308549765,0.3042695560612751,0.0349667481587718,25.798839264308803
61,COST,0.13085793440912444,0.21887989499015534,0.14231863442389758,1.4168060200668897,1.1318628240218966,33.72560975609756,0.043031644089445376,12.534702156349503,0.35666559330220576,0.03316722734932028,41.754453205202935
62,CSX,0.3894836060055208,0.3302417756638922,1.082359054299818,2.420977011494253,1.557668959935249,8.296495956873315,0.5154514239547566,2.979670861568248,2.273978146499393,0.4144617249040598,16.50145754730415
63,CSX,0.4104775594952883,0.2802816901408451,0.9762458042860831,2.3747356548709995,1.734437975817286,7.857340720221607,0.5664430602140234,2.576294277929155,2.283475145544111,0.453042644944897,-9.25917089799331
64,CSX,0.4088632712841349,0.21105259140523625,0.6226075208286422,2.9770992366412212,2.199603764239723,5.810344827586207,0.5446470754984409,1.9139362166885103,2.111441307578009,0.4139657941982425,31.085414453160848
65,DXCM,0.647157880266685,0.1600525377615161,0.09300043610989969,3.7944454272067927,1.9946718860436035,22.010752688172044,0.19427452058560726,1.0412004069175993,0.3639971728374925,0.1406969551171902,21.269415878472508
66,DXCM,0.6863385746375332,0.10621419127368885,0.05886982955162306,5.7147775423728815,5.111542730299667,14.659574468085106,0.15421686746987953,0.7044989775051125,0.6139012208657048,0.1125587094139269,6.670950401069247
67,DXCM,0.6644002698915243,0.2702436353681905,0.1441252043914973,4.881900212314225,5.576941866145579,3.656434474616293,0.19556755073441637,0.7990196078431373,0.7744666992346524,0.16074116364768776,66.68103008141179
68,DOCU,0.7869212592635284,-0.15787470009898152,-0.059750926423233784,321.4947520810713,0.7385716394619988,-13.06808577242135,0.0010982088027616196,-0.41350277841061045,0.22947695127793863,-0.0331855408469682,10.75916021498633
69,DOCU,0.7786407923641322,-0.2539936044253602,-0.0530283511013977,41.144995802630355,0.9620578009228375,-9.38553468880956,0.01017552568250101,-0.30411736010178986,0.36924219856682405,-0.02869714642041407,-46.13152663221521
70,DOCU,0.7494520135962567,-0.74682028753258,-0.209289300622533,-7.176578920558294,1.063279096721196,-6.451280885743044,-0.0878175310227405,-1.0305012136174097,0.27164410390670096,-0.1367423077161303,-40.855474266354605
71,DLTR,0.3153852398550034,0.1845854996286351,0.2537104804385042,3.371229775617551,1.5069345829783205,17.84437350359138,0.10602258247828404,10.106996838990293,0.3821830919246426,0.07891866707610204,-6.274344083769721
72,DLTR,0.2939569624485206,0.17204119971497053,0.23673607644583897,3.9453523801986465,1.3430062730450605,10.123532699832309,0.09601006033159583,8.045750364022336,0.34274290092419674,0.06880765314651308,20.320308208465576
73,DLTR,0.3053121802636685,0.1841928266509272,0.2656806842480399,3.7455414383960837,1.3539929764362115,12.811269517990496,0.10089261563429808,8.085843402977778,0.7281719968903305,0.07397694174281537,32.9342522504734
74,EBAY,0.7263910158244002,-0.24626431205123228,-0.13659849300322927,-10.194805194805195,2.175134628892531,-5.812765957446809,-0.09433384379785605,-0.7918840579710145,0.5277452587216108,-0.1394589076059214,9.07172864806944
75,EBAY,0.7456813819577736,1.3916956432808345,1.4935791899901218,8.068434559452523,1.9712245781047166,2.479553903345725,0.11218809980806142,0.3889212827988338,0.5748593682388576,0.06401151631477928,-32.38997878008146
76,EBAY,0.7979536766359343,1.5914069081718618,0.7881780250347705,1.9387996219281665,1.7966016991504248,12.00328947368421,0.47582639982010344,2.140175953079179,0.604447776111944,0.41027659096019786,36.80634097799852
77,EA,0.734086682877986,0.10347540983606557,0.19007468079980727,1.2055384615384614,1.1816111585539426,19.637931034482758,0.23244171077099127,4.067857142857143,0.5405636208368916,0.1629237591188671,-1.1909689491929425
78,EA,0.7345887368982057,0.10676020408163266,0.11604048246222098,1.5703942075623492,2.433535762483131,23.6,0.22082074968910997,3.7132867132867133,0.6524966261808367,0.18866583762657665,-2.8975104606292215
79,EXC,0.42100849145612745,0.08769802780472033,0.2958015267175573,5.581881533101045,0.691358024691358,2.6606772633033864,0.3760876402138589,3.8654618473895583,0.45895768542078974,0.20180312401719258,-11.830521887644975
80,EXC,0.3905675103133014,0.04960311691332538,0.12223257146951351,3.6834808574170843,0.8663025262243188,2.283165244375485,0.5227450105920393,3.0,0.1869530134690584,0.16406511316757721,14.180524793236016
81,EXC,0.28835618511456157,0.060242442841798374,0.15626492596720268,3.7477846593616007,0.983634797588286,2.4269113149847095,0.31765489270256364,4.0572597137014315,0.33161068044788977,0.12010048730288447,45.630467540684606
82,EXPE,0.3927316362389646,0.15418309242225142,0.0400409509725856,4.077162414436839,0.8156429764334756,2.9422382671480145,0.137738921745093,2.8000810821025,0.3191686769344962,0.06985514699580012,80.55845295568993
83,EXPE,0.4160269830193068,0.00583373845405931,0.0014668133480014668,7.817213842058562,0.8657142857142858,0.8917378917378918,0.1310769946499186,1.1171230334351712,0.39661375661375664,0.03640381484066062,-49.353030327650735
84,EXPE,0.682823619926909,-1.7298013245033113,-0.4636137735179269,-4.599051633298209,1.042175360710322,-7.752777777777778,-0.3650702058088094,-10.449760852112213,-0.709211986681465,-0.5368340065397191,44.680853341045776
85,META,0.7834729737841848,0.18454734196145187,0.3895951233438009,0.7055187052268507,2.203396729075705,156.7783783783784,0.3232169043555815,11.095638867635808,1.8676459705468809,0.24872865730775498,195.9600779405315
86,META,0.8079437627725157,0.31526517669103693,0.5905559055590556,0.25098599703296304,3.154293825408091,2056.8260869565215,0.46870574667808595,17.259029551258664,2.72926425360776,0.4011481484622103,-61.63015586782075
87,META,0.8058279532367824,0.22718840127835374,0.38517245936302363,0.2694963701211646,5.051064681930446,,0.45987320421101613,11.467532467532468,2.5864094519724987,0.3800500203571221,41.5369199337981
88,FAST,0.46067673265908377,0.34360773899848257,0.3478302611367127,0.49181433564289656,3.9564446695365914,101.6993006993007,0.2336332120448099,2.5477755032739573,1.1914408711066093,0.20833452711801279,48.13126164636831
89,FAST,0.4620273170407094,0.3040562750640983,0.323811524189596,0.4587235268693272,4.187335092348285,125.51546391752578,0.2309471127451796,2.1156815319554223,1.1288478452066844,0.2025487031892063,-15.79422456488189
90,FAST,0.4546951640607016,0.3143202107419874,0.34369499119859176,0.4982372777437155,4.079647462053207,117.77319587628865,0.2310484656384467,1.9896907580092171,1.7982699526685164,0.20229136047314647,40.210253114439425
91,GILD,0.7926395659983139,0.21619585687382298,0.31793948625631796,2.85020334387709,1.285193094856736,7.218181818181818,0.32447490927751915,5.412189254210104,0.807261078483716,0.2473882922180272,-0.45930723086961633
92,GILD,0.7582494048709028,0.29545778157482555,0.42140536149471974,2.356342130814723,1.2723514211886304,9.26973026973027,0.41490569492766893,7.399521531100478,0.9805340223944875,0.3398278703534151,27.873176851484228
93,GILD,0.8148163149580785,0.006757499175914734,0.007689422355588897,7.5978707960319385,1.403527244011582,2.696138211382114,0.16740248693750254,2.115629984051037,0.7166798280249188,0.10745676212078253,36.6446880305933
94,HAS,0.5893933443748186,0.07183705168031629,0.06785368944016539,3.282320170407996,1.3696396766680368,2.5292397660818713,0.20841087984701281,1.9633501673927385,0.170297301000137,0.07384704697184422,-9.621164097734935
95,HAS,0.6031555666313625,0.14167685647245448,0.11499155065583004,2.4360893252709093,1.518017834602386,4.238174735670562,0.26015513052146283,3.4573121097949358,0.3330347326845556,0.11862189271696467,-36.91811397808393
96,HAS,0.581201741867018,0.07681154417095315,0.057843290178339314,4.339006126616746,1.600549244788416,2.60169070114371,0.21502543272221614,2.3750862603003022,0.4062330961594474,0.09572949829838621,15.436024040990945
97,HSIC,0.30291768798924645,0.15612304120719675,0.13490471414242727,1.546487603305785,1.7931654676258992,21.6,0.0765398908832134,5.736276203884465,0.27068345323741005,0.059777022218707995,-2.6175319421530947
98,HSIC,0.2962664301266027,0.18423357664233578,0.16415192507804371,1.1395131086142323,1.6662332032943217,31.77777777777778,0.0861220869284735,6.256126793402962,0.30775899436497617,0.06918796871220063,6.511264409933057
99,HSIC,0.27810937707064265,0.12060133111441108,0.10650218981567568,1.3792022674426605,1.6606419686899665,13.081470382096335,0.07182526659130453,3.7993979485320395,0.2623229273155558,0.05348991579423589,20.235362680752107
100,ILMN,0.6483420593368238,-0.6673738445218973,-1.2367312552653749,-0.9078140960163432,1.28416877028489,-165.76923076923077,-0.8542757417102966,-21.767676767676768,0.141363144608727,-0.9402268760907504,-20.917586441878434
101,ILMN,0.6968625718073354,0.07094972067039106,0.2808698857353483,2.1237458193979935,2.4821591948764867,15.491803278688524,0.26425099425541315,4.7969543147208125,0.4986276303751144,0.20879363676535573,-40.684671112367724
102,ILMN,0.6801481938870022,0.13975287601193012,0.14633058219942002,1.7454212454212454,3.6036977491961415,18.46938775510204,0.3371410929299166,4.641025641025641,0.8681672025723473,0.27940722445199134,9.51966703607795
103,INCY,0.9390214264567472,0.07795211068623074,0.08323295503133513,0.06913682778080739,3.5372321807451015,199.46811702925731,0.1766425550906062,2.3873842110329804,0.8382683261355985,0.15665366085013557,-18.791516752505476
104,INCY,0.949438211653546,0.25161273038437093,0.30416164049208094,0.07112231750122185,3.650526508004139,299.97484276729557,0.2110313645765767,2.5888389889486247,0.8773042041043745,0.19166136182732488,17.06692345897241
105,INCY,0.9507631523882308,-0.11323885560578233,-0.12530096690783568,-0.2666730252416726,3.738771694959561,-105.81600735970561,-0.0668379893966405,-1.0480873992739757,-0.19740175381617409,-0.08626535698401996,-9.239653574832912
106,INTC,0.426079233672725,0.07901560789958885,0.1589858551391672,1.97225221841401,1.5676255636759446,16.661290322580644,0.3377898309385606,1.9975827894609621,0.47995646089255173,0.13106226409109653,99.00219841987182
107,INTC,0.5544518121077141,0.2082796070908157,0.33928754397349636,1.1178575618913529,2.1323283082077054,37.3534338358459,0.43141324154687183,5.479115479115479,1.0726094239312505,0.28219275156914353,-45.51021523078155
108,INTC,0.5600832188218372,0.2578913596090723,0.4423162394971322,0.9592842460338376,1.908742021491476,40.869634340222575,0.48731811935736574,6.328655834564254,1.429425547386281,0.33013985385336536,9.794694021276497
109,INTU,0.8109382366808109,0.12566145611580803,0.4093520903507034,2.238052834669041,1.390358126721763,32.382716049382715,0.26473361621876473,9.30366187591334,1.0713498622589532,0.2061134684897061,17.23717916747902
110,INTU,0.825288072251635,0.20893707569155942,0.3998448710490595,0.841248303934871,1.9423728813559322,89.13793103448276,0.3060313505657635,9.460720625102933,1.2241054613935969,0.26834838575729264,-11.85705918324014
111,INTU,0.8205495507227504,0.3576184880532707,0.22882205513784462,1.4993814432989692,2.2612638141116466,245.22222222222223,0.315796327646829,8.43203178726981,0.6840464720884103,0.2874072144810522,79.42033746679252
112,JD,0.1405734461440822,0.0486488006524001,0.029566416197155016,2.8025765866689647,1.3170493808171488,7.584520417853751,0.02218333148543923,5.0348007092467935,0.21690719947779308,0.015267109906369118,-47.90930261247996
113,JD,0.13563165726487822,-0.017040749410035853,-0.011879655089564591,7.017471736896197,1.3520908155714775,-1.1269579554822753,0.0051124851827253695,-0.433751688084545,0.19085798336010396,-0.0014365400297606538,-1.319322222736831
114,JD,0.14629620194099774,0.2634329193838213,0.21041222141302635,0.5439047093704751,1.3492992063993747,46.172444444444444,0.07778472034132383,16.640974812465732,0.2444818609676066,0.06964851260790397,-13.098888577497124
115,KLAC,0.6100209913651747,2.370431819008942,0.4633628454865739,1.6881236107373185,2.4969361735623803,22.76162380955351,0.43562429092944405,25.736763419931737,1.1538161732001477,0.396181323622977,71.80706070026208
116,KLAC,0.5993248186734741,0.6153245810429678,0.36485279433058393,1.243662746916384,2.7083372360662925,16.003394182853658,0.412086517562317,16.480219406189455,1.0388921405059939,0.3639079056948858,16.938575585169918
117,KLAC,0.5781291548808699,0.4565071073120074,0.2575999593525625,1.9558808219463308,2.778905697540749,9.215374920448731,0.31431290584359667,5.321969833457046,1.046514090597287,0.25437084856359093,73.06311570641131
118,LRCX,0.45694486440763266,0.7335166506699354,0.3748634844998895,0.8764303317522268,2.691321710521848,29.107502205575912,0.3315492581168476,18.288228332800564,0.6790443920478606,0.3121762828771677,75.42553912308085
119,LRCX,0.4652834819826133,0.6484712273783396,0.33542123171844535,1.0222056370217691,3.3029552984848918,21.95334065207074,0.3340969428044974,15.615125465872396,1.0170913472645084,0.31309681631871683,-21.837956893473745
120,LRCX,0.4588167374433733,0.4344087544123273,0.207467244542907,1.9234805158521693,3.4320107688931527,15.511823715058611,0.30074886985581306,9.466190677630923,0.6724079050303531,0.27401596219153995,114.22156965708838
121,MAR,0.21941943869445915,4.151408450704225,0.7117416239058255,2.921295077652014,0.4514238997138575,8.727047146401985,0.18288162518654022,11.323245331616226,0.32197847118135986,0.16930631107687863,55.68929215977726
122,MAR,0.20213610449592265,0.7772277227722773,0.3030888030888031,5.929287598944591,0.5659434992976432,3.8095238095238093,0.13675398715450673,4.88848151542927,0.1837053223037303,0.11546510788771018,-2.9607554625825276
123,MAR,0.13801910888279253,-0.6209302325581395,-0.09451327433628319,24.505470459518598,0.49113351877607786,-0.04719101123595506,0.04323148235739287,-0.06473489519112208,0.28494436717663424,-0.0019865670229874182,36.170552009150505
124,MELI,0.4899876625225396,0.2638204707170224,0.04400620834474573,3.5997340425531914,1.2792571829011914,3.4299065420560746,0.14273512384929296,21.907068623106515,0.3433777154870357,0.10448894372212204,102.65977908364223
125,MELI,0.42509548733908614,0.05421293272370999,0.01015290519877676,5.908011869436201,1.4005482268288505,2.052401746724891,0.09534587636157872,9.321886321381353,0.16532465307520988,0.06648748054887538,-9.19271721896122
126,MELI,0.430045294413689,-0.0006054815455279739,-0.00018702751006348275,5.829747440273038,1.4705675104788938,1.7570093457943925,0.07372924006039255,3.7698221207427105,0.3250932374005743,0.04730749874182184,-13.121184205702466
127,MU,0.4518499252227063,0.17406375859097922,0.39883384601257976,0.4453662005214506,2.88910996153336,51.64021164021164,0.548670264646596,7.960848287112561,2.0136622894283063,0.31731582027440014,30.355977009591324
128,MU,0.3762136798411839,0.13340768898094826,0.2944190485758778,0.5770907649623465,3.0988480697384806,34.978142076502735,0.45533297238765563,5.263980263157895,1.9408468244084682,0.23104132828009386,-10.296875826026014
129,MU,0.30566829951014696,0.06890450302595139,0.14956860562204286,0.812960235640648,2.707611152976639,16.376288659793815,0.411803125728948,2.6608040201005023,1.2518462697814619,0.14821553533939819,73.29584868646269
130,MSFT,0.684016744842891,0.4367546925099975,0.4286674052945475,0.6112391384590828,1.7846069708251824,41.57973824527387,0.5055681646239976,11.492363344051446,0.9364022633095643,0.4326373127553336,43.02824878186241
131,MSFT,0.689258007710247,0.4315223821731414,0.3322614231641053,0.7960979162261846,2.0799936835218875,31.307757885763,0.5064846984912664,9.768320255353105,0.8655830898857394,0.43696159154728476,0.33042704770703346
132,MSFT,0.6778100199279796,0.37429841763592103,0.2434158810433444,1.0376335442760476,2.5157654542940118,21.469316866074873,0.4784323322728385,7.347378153480386,0.8390955607799752,0.3889592000839073,38.70751387778873
133,MRNA,0.7130596026490066,0.43727448622078124,0.6225895316804407,0.12057877813504823,2.728214503351615,331.17241379310343,0.5272582781456954,24.945454545454545,1.0117814340849076,0.5088211920529802,-39.93582227872307
134,MRNA,0.85244700045106,0.862636974195829,0.7592558023769522,0.06771141336487285,1.760626643295355,738.6666666666666,0.7627424447451511,32.992555831265506,1.4921121822962313,0.7496617050067659,3.5277521044125586
135,MRNA,0.9708029197080292,-0.2916829363529871,-0.1186090822483328,-0.3237704918032787,1.4349510138983823,-77.17985029334412,-2.6715328467153285,-1.9132988356776661,0.46183640920483027,-2.7846715328467155,212.97972064496545
136,NFLX,0.39370705238403253,0.21619277598771858,0.4847501309289953,0.7059021180148188,1.168390288506809,8.453751847887037,0.6431314653706799,13.358672323789815,0.2554865266233378,0.1888355888162629,73.49843902647343
137,NFLX,0.4163656122646479,0.3228057255460953,0.6339949131486742,0.8082592550857985,0.950625199818211,8.627939447767822,0.64127557542561,14.826742995049342,0.04624944899060734,0.22243106267242835,-41.98664801513854
138,NFLX,0.38885082510616875,0.2495558162317311,0.28288402082449765,1.0516550552811401,1.2505571188547981,3.3084325439773727,0.620414316562581,10.352987272085533,0.31093310922604195,0.18344049957321268,27.784291431018442
139,NXPI,0.5692540704278682,0.37414418042690295,0.40187454938716655,2.213521015067407,2.120795107033639,8.885245901639344,0.38197652404392274,13.820504892258382,1.191131498470948,0.28731541082923134,55.98488272007649
140,NXPI,0.5484045918828527,0.28661151960784315,0.35788064269319053,2.749544863459038,2.132137030995106,7.0,0.3475549127723041,9.409162924803216,1.2548939641109298,0.2334809726114074,-21.908190035066973
141,NXPI,0.49175568973525313,0.005813953488372093,0.012025901942645698,3.2364951084644833,2.1437778879524045,1.0027624309392265,0.2729911751045053,1.253800959781526,1.2305404065443728,0.04215048769159312,49.42540109406144
142,ORLY,0.51226771113668,-2.048216736805587,0.43037609599665944,1.9747802557879353,0.7146644654016376,18.744452193761095,0.23000278975645844,47.41334854217074,0.44568680077640743,0.2051633395466715,20.23300146573426
143,ORLY,0.5267241280345102,-32.589389217590295,0.4805859428248179,1.8023806575872248,0.7667331391078394,20.216359969053933,0.24422311866017815,43.662894659899806,0.5459608842451803,0.21959618573928333,28.106375190206673
144,ORLY,0.5244254962280558,12.493419270202056,0.38941887693795285,2.2481082472760585,0.8550798995974663,15.066041483062945,0.23630209436982727,34.13139602769615,0.5390304493163502,0.20918888916560163,59.53230350631969
145,PAYX,0.7059002103345837,0.45144561130558797,0.21162027470523884,0.42922552362396493,1.2490700675624382,50.85245901639344,0.4451720623631199,5.171436510141706,0.28571699688757307,0.4035821931175055,-2.736346386951732
146,PAYX,0.6866495760205088,0.3722862957937585,0.17789123916038577,0.5397713598074609,1.2493418654570492,41.06145251396648,0.40968250838098996,4.085603112840467,0.25521445060953385,0.3623545651745218,27.23143778000157
147,PAYX,0.6830095285236976,0.39480117926224206,0.2009479193353585,0.5332225913621262,1.2344078248887482,38.03865979381443,0.41717609206781336,4.113433667781494,0.3254873613589645,0.36527657468135133,46.90737475888389
148,PYPL,0.5005087579039175,0.11931537930354148,0.04212524380050153,2.088830960497293,1.2758620689655173,12.072368421052632,0.18122683334544662,2.80366692131398,0.12915481692143618,0.13336725052692783,-12.830468047464445
149,PYPL,0.5516534626147964,0.19188106963685736,0.079297751740404,1.438348820586133,1.2218271398359246,18.66810344827586,0.22056678885341532,3.3315384615384613,0.13472309372748612,0.1707067123881597,-59.830888056393185
150,PYPL,0.5490351449613126,0.20990059443528647,0.08240023531718796,1.3831038217546032,1.3263713683772467,25.23444976076555,0.30124918430129577,4.092522326259311,0.16175514344422193,0.24582828376992635,-14.045952819457197
151,PEP,0.5303268821187147,0.5195638229634381,0.41366822972282835,2.6503618332886627,0.8041441105096135,12.400425985090521,0.1727474766182054,6.236743438671666,0.40362142990479744,0.13478099824057782,0.5554454781049438
152,PEP,0.5334952311447769,0.474848843732469,0.3497222604783547,2.737096449426136,0.8307780320366133,6.271604938271605,0.18747011601278404,6.258168184252812,0.44302059496567503,0.14701663437098925,11.084800328249857
153,PEP,0.5481583584380151,0.5292106436747436,0.3095517586191905,3.3736670952128867,0.9841263049803183,9.039893617021276,0.18790143807196044,5.461703267273701,0.45409036453876434,0.1449013812311715,28.140982807379633
154,QCOM,0.5783936651583711,0.718148004219175,0.6242038216560509,0.8975072463768116,1.7465026125063206,31.60816326530612,0.3902714932126697,13.816235504014273,0.7665599190965785,0.3504072398190045,11.673710589757459
155,QCOM,0.5751057617827564,0.9088442211055276,0.4504607721046077,1.2682239226741845,1.6797757509831812,19.379248658318424,0.36986831913245544,9.629333333333333,0.88159986611999,0.3227372936900435,8.251415054197048
156,QCOM,0.606689048489227,0.8553562613131479,0.2806847021977429,2.038631060409645,2.1354935424354244,10.5,0.32782287195614296,5.588859416445623,0.6704335793357934,0.2686243678551698,22.66896544567391
157,REGN,0.8718136187761338,0.19142252029650547,0.27312847438633603,0.5136132025249068,5.056537102473499,82.79797979797979,0.43207452620164466,37.20272314674735,1.59644096393213,0.4040286209531007,34.70957864544349
158,REGN,0.848335894771555,0.43025126806188996,0.5761939079122933,0.279203251528032,3.5638652256834074,163.7539267015707,0.6016351723837553,73.26670207865874,1.8007120152574698,0.5838274731360092,27.32517019240807
159,REGN,0.8682020924786104,0.3186489256528167,0.3592559642502889,0.6569750438682004,3.6253799955512718,67.96660808435853,0.4828941638912099,31.344009029486614,0.9706013197894269,0.455131750832637,39.46039171239293
160,ROST,0.25404591580293123,0.3525735656742565,0.2189866090133429,2.31715821548127,1.8988591530936025,25.674591547896906,0.13172414018121367,6.033607291548141,0.46459260457075785,0.11061488634710982,29.37441725854314
161,ROST,0.2752838777084922,0.42427777983029763,0.23050293476294417,2.086628574821897,1.7730253581970183,31.049360705685128,0.14243657461809014,6.635110315023314,0.41254526470078146,0.12337021028064557,34.09900461735897
162,ROST,0.2148966230474805,0.025946928257117155,0.012757880436447355,10.262687833643033,1.6870268031549018,2.207042605377907,0.04457591689465761,0.5451875580289647,0.5661493110846317,0.015509714868015287,-8.21303944724142
163,SPLK,0.7254819603360781,-6.011092108039197,-0.4086491233905838,-3.2121857808679706,1.5613577085701815,-6.564708645001661,-0.3916124090386825,-6.866257646337204,0.06101178706101083,-0.4286944806826886,-14.930891479230771
164,SPLK,0.7544861026695703,-0.5696218016882004,-0.2774677757473154,-3.8485779753502087,2.1461775978719104,-6.3210699080243105,-0.306948328799198,-4.768529836125413,-0.12517609467269344,-0.3489626062793102,-26.563536739760913
165,SBUX,0.25956657767524643,-0.37690947097604116,0.46755097097753145,3.812305819800775,0.7669201687099806,9.76351211430938,0.193616803564618,4.10732642216221,0.4804847133897157,0.14619398889312657,18.1733854171196
166,SBUX,0.2887414575060391,-0.7891640983236864,0.4304149071378787,3.211228709800294,1.1968986922491842,12.402511707109408,0.25294728945720324,4.937881355932204,0.7347326839561302,0.20050171021933477,-13.523113470938808
167,SBUX,0.21511608129943022,-0.11893505528436535,0.11891524902643985,8.135927333633962,1.0625578483149125,3.6645308924485125,0.13200952461944043,1.3648683201227307,0.217482441335003,0.06809252487456416,37.763066261432044
168,SNPS,0.7906743661668053,0.17850672395741268,0.32681784822693766,0.4877844141386442,1.085842525082907,657.9575971731449,0.26480485647860436,7.104189849994595,0.6267437832920466,0.21985688596099373,83.12953981193718
169,SNPS,0.7950196387273372,0.14305881037638876,0.2697378986383776,0.6584995382966852,1.1636045650188689,240.38008915304607,0.2408440811351905,5.284649357776587,0.6184511685182086,0.19239816059824086,-7.146553824663228
170,SNPS,0.7843610839987507,0.13537646380856355,0.2606082573590244,0.7775725578206578,1.1912663171835236,125.15544747081712,0.23153865336184676,4.09064548743808,0.46324725854493765,0.17455900920445416,57.132770579404955
171,TMUS,0.5449849819657916,0.037182726541862866,0.1358367860701736,5.544963047467884,0.7706329318567617,1.9351961950059453,0.25337120307649774,5.179506387583289,0.6782394309271684,0.08181372610624474,18.58381943178509
172,TMUS,0.5431114106692628,0.04376139619692628,0.14475132832320137,4.715591957011614,0.8890165538959105,2.002692998204668,0.288025162884745,5.351184370568985,0.5922379675730882,0.0835392795626451,38.56868184051637
173,TMUS,0.5867362603622966,0.046890303623898136,0.12828134812643918,5.2618486900206065,1.1005390959775145,2.306923361717882,0.29799552611956664,5.011478771617208,0.3981016449338801,0.09110048686345892,-4.002511503011502
174,TTWO,0.5619150878794795,0.10971992545344778,0.10797964402882901,0.3349397590361446,1.839002375296912,19.99591836734694,0.21313627025793197,3.5232437719348715,0.12256532066508313,0.13977973065510158,-11.916640746431124
175,TTWO,0.5448588709677419,0.1767464251542367,0.1395327347491953,0.2147126178715761,1.8886144318179277,64.94339622641509,0.26411290322580644,5.003488777764856,0.4082399769098073,0.2041034155597723,-9.6311826690027
176,TSLA,0.25598438535759005,0.28147369362920543,0.30752498961311925,0.3255366143739027,1.53195552061103,72.82722513089006,0.21675136873634332,4.3963337547408345,0.5512748511737616,0.17075446220323587,160.41647307792607
177,TSLA,0.25279155751258753,0.18298055583159428,0.20383763837638377,0.9218701298701298,1.3752854605430094,18.097035040431265,0.17882689556509299,2.1665053242981607,0.5834559756407003,0.12474221057912045,-52.47448831595559
178,TSLA,0.2102359208523592,0.03244094488188976,0.026986562862596847,3.1437026515151514,1.8751403705783267,2.5427807486631018,0.1339421613394216,0.6604166666666667,0.41711117349803484,0.06031202435312024,61.91109839103808
179,TXN,0.6875873776712602,0.6001920834190848,0.6239925825547393,0.778173719376392,4.69715242881072,47.87850467289719,0.5604653485120831,5.885123492245835,2.9212730318257956,0.5115837827042141,9.303782417131496
180,TXN,0.6746620148277366,0.582689567239181,0.5677018633540373,0.8077955652779159,5.3269754768392374,49.47282608695652,0.5482446576537288,5.228604250430787,3.4083300895289996,0.496238552115133,-1.2476500908750112
181,TXN,0.6409653550930088,0.6090127353869599,0.5464400820392616,0.9788859563828309,4.284100418410042,32.66842105263158,0.4978217274047438,3.565569375223879,2.5686192468619247,0.4292234285319134,23.057194319909797
182,KHC,0.30666414951859544,0.04854348987222154,0.2992275547676333,4.16390041493776,0.8747230837394772,4.2204125950054285,0.1819898055503115,3.1271118262268707,0.27348249889233495,0.1467623182933736,-3.911178887744869
183,KHC,0.33338453267798174,0.020528216154813584,0.11251945741605515,4.676312968917471,0.9922771403353927,1.8343917928676112,0.17913370708854925,3.0404858299595143,0.5917917034421889,0.14419015436602411,20.933401524642054
184,KHC,0.3504678250907008,0.007105362952318225,0.03289595268896692,8.342469790745653,1.342513335814415,1.7388809182209468,0.12957800267328623,1.9745435894015326,0.6114625976925939,0.09257208325377124,19.76438146428117
185,TSCO,0.35003893424979887,0.5330510532624108,0.34477187260016945,2.4016827849190525,1.328911309260285,46.843045082101,0.12517004034645673,8.112706076573419,0.5710681538515924,0.10101876721655208,3.735915413785604
186,TSCO,0.3516704166684667,0.49789355683551667,0.30676277673176555,2.48552309151882,1.574183399988958,49.10552423900789,0.12385853388217284,7.408803034512476,0.551480452257364,0.10263822346921182,5.127616537747656
187,TSCO,0.354183081690701,0.38930368429807055,0.2298344270771799,2.917132050356986,1.868728488047354,34.63840728258226,0.11431372519479581,5.692567721894843,0.7996998505560851,0.09386958172384494,75.1555979785255
188,TCOM,0.7703640813064975,-0.005014725056301686,-0.00831971924729231,20.63103310729956,0.9983388202603521,0.6990415335463259,0.1252060130849523,1.705831250188271,0.037376544142076175,0.0546371672576537,54.75368330956154
189,TCOM,0.7799191963310766,-0.03235546166570341,-0.05597214321421799,27.90957705396208,0.9938666072744093,0.28613053613053613,0.11230618038873116,0.7880459635399798,-0.0654970960612654,0.026807163136055908,-22.067473738980503
190,UAL,0.23668112557001447,0.10687354988399073,0.036743444012364145,7.117210392654815,1.0033013205282113,1.5917513448894203,0.1138694249805361,8.14546656870043,0.30342136854741897,0.05923701479257035,17.762088456634807
191,UAL,0.02926849070390517,-0.39053489759395504,-0.08995145186406522,26.156810631229234,1.192854020979021,-0.62143310082435,0.06109442234310303,-3.0264584267681602,0.11292613636363637,-0.03978241454899732,-9.78957565071474
192,UAL,-0.3275805926408336,-1.1860738255033556,-0.4776351351351351,-6.130849868962935,1.163064833005894,-7.893145161290323,-0.34789970693585154,-25.108609003840726,-0.3247937131630648,-0.5099316183653533,10.547909485143858
193,VRSN,0.8591480103866938,-0.4313148124439892,0.6486954847405411,1.7907023144453311,0.9299847792998478,12.689243027888446,0.7034879640676539,2.695345557122708,0.7441131703823082,0.6705733735700751,4.881834538557627
194,VRSN,0.8554534498342874,-0.6226100753669179,0.6185859541262709,1.9577403109262097,1.1812849162011174,10.39015606242497,0.6880084362759867,2.443541624905773,0.7515828677839851,0.6519282916541127,-10.317945039916752
195,VRSN,0.8575734436212898,-0.5861668625620235,0.6690707259799333,2.02454157926788,1.2318687398413866,9.322728079517217,0.7009514233407006,2.3753932428650977,0.738533599408512,0.6643110322737722,31.197996005657068
196,VRTX,0.879035237999261,0.23877464474904225,0.25100492640614136,0.20284071694284747,4.826519820575472,78.23357664233576,0.49665759682891597,16.680957330070683,1.5061084570219905,0.48005195561378167,46.34492488042929
197,VRTX,0.8806242078580482,0.2318910891089109,0.2449741648013723,0.3315852613538989,4.463398692810458,45.396747967479676,0.3851790240811153,10.97104081410302,1.2341269841269842,0.368596852555978,40.96244813923954
198,VRTX,0.8813510160014181,0.3121632822213013,0.3334030048934025,0.2837179565243865,4.332037283621838,54.554982817869416,0.5292875904410461,12.217091846550463,1.7328894806924102,0.5116425221973347,0.9806162379160356
199,WBA,0.2129944311733721,0.17159248269040553,0.25659685244349784,5.565176470588235,0.7484390913519019,10.9625,0.04803960724324243,3.739828631994618,0.1726519948633928,0.033043714158685185,-14.822878889206335
200,WBA,0.21181202786225842,0.10854434433579573,0.16074364487163273,6.85286271290786,0.7170581300444364,3.2044198895027622,0.03677486057550808,2.473318821615597,0.2518817448081981,0.021885305903749933,-10.784093074579214
201,WBA,0.2137856405043367,0.02209623491786597,0.025231007580368506,13.258874748827864,0.6676394532693019,1.727569331158238,0.02447902149497467,0.9031878041692817,0.20258588843738456,0.008681608761948484,50.68693589408544
202,WDC,0.31256318842122066,0.12273954668194093,0.1586797841954935,2.092371871275328,1.8050410540385717,7.983552631578948,0.17857712978236578,7.704761904761905,0.35898415123162114,0.12914383014952377,-0.38433784123694054
203,WDC,0.2671670015364614,0.07657867736218636,0.08414471661371323,3.5395537525354968,2.0034907597535936,3.8435582822085887,0.1456683607138636,4.016025641025641,0.3897330595482546,0.07404562108497814,-26.83368853118731
204,WDC,0.22592017208413,-0.026175269605276934,-0.027630415561450045,4.9534402483186755,2.053563322741716,0.8886198547215496,0.11549952198852773,1.1762820512820513,0.1870177031320926,0.021928776290630975,80.63270545129545
205,WDAY,0.7240990990990991,-0.06571172784243509,-0.04526393685249137,15.771844660194175,1.7519446845289541,-1.5490196078431373,0.03314028314028314,-0.5987978564552683,0.358038029386344,-0.02541827541827542,68.45676104114456
206,WDAY,0.7221249270286048,0.006394592203624984,0.005561879263108535,5.577602122015915,1.028850470267993,1.9411764705882353,0.07336057598754621,0.13142174432497014,0.3257788551566688,0.00642148277875073,-22.321618925936612
207,WDAY,0.7225259124834761,-0.08616391190035859,-0.05881453817433806,25.627970090118975,1.1212831407110742,-2.9986919745371043,0.0202244281838149,-0.8487371452077335,0.2961814746390551,-0.047783277242498604,13.976888931148288
208,XEL,0.38275636838667537,0.1041079460269865,0.33748055987558323,5.124409448818898,0.8463310299440605,2.730810810810811,0.3318092749836708,4.596253702417916,0.6469233300427772,0.16499020248203788,-6.71186167289362
209,XEL,0.3914823914823915,0.1022931078657443,0.3767397971219627,5.377391304347826,0.8400713436385255,2.8713235294117645,0.34249125158216065,4.306785242359762,0.4338089575901704,0.17444717444717445,10.833517194579384
210,XEL,0.4306784660766962,0.10106346483704974,0.4497709923664122,5.141931002546886,0.7725878744987025,2.9051948051948053,0.3747180288044421,4.162337534820781,0.6718565699457419,0.19408294291167794,11.307148953488607
211,ABBV,0.7000378957522306,0.6859858583516866,0.415838105610793,2.6173161247621413,0.9636062021802424,7.0434977578475335,0.4164054156475006,8.659861754247034,0.8444376735053152,0.27055844558514486,5.9815347210523
212,ABBV,0.6895563820132747,0.7490913811007269,0.4132769979948439,3.2041114778757365,0.7935443541512758,6.3607098638052,0.42587682616509775,8.547049817526338,0.6471841791214411,0.27424951509867074,28.160049201870024
213,ABBV,0.6640686402934242,0.3530131538696849,0.19095685268688206,6.983364440477157,0.8434109068071596,2.384678076609617,0.2690376386341804,3.2653685009309905,0.6136561878510869,0.12776176753121998,38.0638183486369
214,ACN,0.31985975002072026,0.31109829111850906,0.3182272940317861,0.315111341666489,1.2332511161014903,195.33996196111582,0.17135066301990096,13.909156687825217,0.544476341935422,0.15007048135375503,17.9790830920213
215,ACN,0.3238280337778256,0.30245643324181004,0.30034859767449346,0.36106756179306726,1.2519369474577637,131.45646473475426,0.19218679356731844,11.910934610130932,0.5713427963964556,0.15476120154933604,-3.0860322576151837
216,ACN,0.31529644919436195,0.30045164458344137,0.28776953328259836,0.4062120434108585,1.4017476677362215,205.84203682985094,0.19357318227369077,10.336972777093491,0.6487734341868449,0.15357222484452435,48.79870724917886
217,BABA,0.3676309576560672,0.06563034078772434,0.09748721683228014,1.3772323865674667,1.663787442936652,3.889233904225899,0.15031263847176407,3.7533261813583785,0.37197746649156815,0.09396855093768097,6.964673802759082
218,BABA,0.41278201673244674,0.1606216732268766,0.23404936582939567,0.8324302748631649,1.7049062163780813,37.99240393208222,0.3038705459026975,7.836939653620986,0.614233698503808,0.2370787785676345,-43.9223766318484
219,GOOGL,0.5537944250378312,0.2341339246673746,0.3639188082162687,0.3485086895255989,2.377994227994228,200.7983193277311,0.30109321302804454,5.579033387812281,1.3202741702741703,0.25345076298632424,68.13574316469729
220,GOOGL,0.5693980290098084,0.30215590041131,0.40412345928363,0.2742921726026603,2.928113424845146,263.2369942196532,0.40180952270054376,6.877896940287349,1.4264014691692346,0.35352065114870923,-31.99389164907485
221,GOOGL,0.5357837470620785,0.18094848659141563,0.23103800431449947,0.43240624091481733,3.0667558151810534,357.162962962963,0.3392046108246999,3.570455346537879,1.1458633916317698,0.2641636579793674,74.92364083108356
222,AMZN,0.13159968325800658,-0.018638346240490815,-0.01854337118760687,3.653473091364205,0.9446435811136924,-1.507815800591466,0.07461725387804655,-0.3317839546341917,0.3008629732356026,-0.00694380942560357,91.12121367991752
223,AMZN,0.14114920118683247,0.2413396506202756,0.20648595123158806,1.564596131356445,1.1357597739445826,22.08955223880597,0.15834294690329528,3.755639097744361,0.3256364837698396,0.0850534883423935,-43.936358332815935
224,AMZN,0.13339757138712752,0.22837351719412444,0.1607060791212434,1.6522241365807815,1.0502274795268425,15.680024286581663,0.13229930788677524,2.450189753320683,0.5227202595244689,0.06689305400140909,12.082300546715578
225,AMGN,0.7566386810014056,1.7896749521988529,0.29532137383935814,3.2003451392883555,1.414292088990884,6.22475106685633,0.4622953310792843,16.38951310861423,0.6196850895646077,0.3324848991376363,15.524412484651645
226,AMGN,0.7515685746179607,0.8795522388059701,0.303997936548878,2.9487429178470257,1.5910210111621799,6.598162071846282,0.4348127333615613,14.14651620992298,0.7600952068286277,0.30401478116940606,24.93973733127075
227,AMGN,0.7577485840151038,0.7720267828674673,0.3435489973514945,2.538165589412127,1.814468377241912,7.444532488114104,0.5111705475141598,16.245893135051013,0.9007980777482193,0.3695327249842668,5.803875020144601
228,AAPL,0.43309630561360085,1.9695887275023682,0.7370702706694731,0.9018386936862504,0.8793560286267226,41.635619242579324,0.33763263070337385,7.654189736521482,0.7932810328479952,0.3094733318455702,34.52859227045806
229,AAPL,0.4177935962516778,1.5007132667617689,0.7021863597258893,1.0128557042619544,1.0745531195957954,42.288090737240076,0.33660546120054563,6.809122612299205,0.8291135709788733,0.305759437095597,15.447666638694024
230,AAPL,0.38233247727810865,0.8786635853012749,0.3994836931940743,1.3877561096025672,1.3636044481554577,24.352245040027846,0.2951386991603373,4.121162556136291,0.7654660695308941,0.25486403293080523,33.60200637748198
231,AMAT,0.465115377157262,0.5350992291290799,0.4097331240188383,0.7047515415306492,2.158151511044857,34.328947368421055,0.3207678883071553,3.8805156172533466,0.7316709581244071,0.30354857475276326,70.50432801428228
232,AMAT,0.4732255127260114,0.48077080101249287,0.36555534860619604,0.7773273881907851,2.5389344262295084,29.690677966101696,0.3209036118458136,3.4843361511685726,0.8578184110970997,0.30381997138273426,-33.28524415436342
233,AMAT,0.44715730728985004,0.3421251654377009,0.2707008751589498,1.1934337097448766,2.9982058757568963,18.358333333333334,0.27799093128705965,2.1975062344139653,0.8531060775958735,0.25613300778979187,139.80996863320095
234,T,0.5788671619416769,-0.08742564102564103,-0.2574604325238613,7.353410981697172,0.589393480853791,0.49345121152586774,0.17421588358552603,0.3954780189894993,0.5700781514250619,0.024962523086606868,-2.2093683828659927
235,T,0.5493292946776287,0.12072842267272683,0.1175922889534339,3.6441318223264294,1.6075308293325803,5.343508040500298,0.400923618675301,4.709117423112243,0.3949731714205027,0.2677375072740566,7.409103970006504
236,T,0.5346995808104331,-0.0320152406400574,-0.09952315028457161,5.343069822837577,0.819824080204294,0.639621451104101,0.19553446669771773,0.6651577512123042,0.6798764147671742,0.02951210992081975,-2.659544689501253
237,BIIB,0.7760532368726286,0.22741623687294277,0.3111875970259008,1.5180866691149468,2.9916890735761426,15.56528791565288,0.42825407435075785,22.874851013110845,0.422971156196529,0.3772976585998781,-0.5050491108471744
238,BIIB,0.8078894888769498,0.14281125530001285,0.19806529625151148,2.6400124995659873,1.8278581731887766,7.881703470031546,0.2622635839624102,11.702576112412178,0.8468428644548881,0.1820118925120883,33.06771373865905
239,BIIB,0.8657304791514809,0.3738773679242638,0.580883100288946,1.3650345260514751,1.8403880070546736,23.685393258426966,0.4265504366065186,29.909194097616346,1.1302976858532414,0.3919789357809083,11.384234623857399
240,BLK,0.4916354277401667,0.13718736752861382,0.28980802596966476,1.2267341040462427,13.80757341576507,30.669811320754718,0.3871761875454596,37.78576728698999,3.829984544049459,0.36378895540759804,19.963156655782406
241,BLK,0.5067616393104161,0.15655426737059933,0.29222998068637646,1.0597065847833504,14.454545454545455,40.86829268292683,0.4538556828739548,48.68796652267027,3.5390121689334286,0.43243522246309485,-13.959154883551545
242,BLK,0.5100894785560013,0.13978403197007058,0.17181077126733088,1.1315083956540144,27.924124513618676,32.82439024390244,0.4373341561246529,39.10495664013467,3.6410505836575875,0.415242209194693,34.946498857505816
243,AVGO,0.6654519169954523,0.5061869743273592,0.6212170341547774,2.062907856956408,2.6239364719228586,8.15831894070236,0.5769057012920519,33.90191387559808,2.373227453204765,0.4267987832424781,108.31736007447772
244,AVGO,0.6136247723132969,0.269850172261838,0.406125648136983,2.7043768293513035,2.6406623149180066,4.588859416445623,0.5351912568306011,20.944309927360774,2.191370800827894,0.3151183970856102,-6.911361990329387
245,AVGO,0.5658070997990623,0.12398425064924186,0.24884405212274066,3.6909662921348314,1.8670538377020875,2.374788970174451,0.4657150033489618,10.368550368550368,1.8931094019777115,0.17665773610180843,59.56648122808972
246,CAT,0.2946808689652851,0.4225218980402042,0.15313463514902365,3.2410198002453128,1.3886334083917415,20.756207674943568,0.19206757871001395,11.283667518709757,0.24629729472582537,0.15472764904841232,29.265521287684713
247,CAT,0.29434384257715174,0.39365445280271777,0.14932688988608905,3.42167692864904,1.455925218614936,17.811475409836067,0.21667222538306097,10.666409795826558,0.24116326598988172,0.17052833964411135,21.947926589389155
248,CAT,0.28928331896138737,0.19555149696692975,0.07596797080883844,5.354127647313067,1.534549130925069,8.772373540856032,0.1662594615310913,5.5332307603982915,0.24602403079674923,0.10800517390054613,19.314228668113856
249,CVX,0.3138594161642987,0.22265541618010823,0.7044673539518901,0.3483692812896485,1.4716732927970066,97.26744186046511,0.28421793930857764,20.547132768595997,1.450011693171188,0.2129248208656991,-6.892678224256217
250,CVX,0.29196817603434316,0.11235591477489268,0.4631276305649416,0.7765757290686736,1.2593034974431712,31.39185393258427,0.2595915324601879,9.150208497925664,1.089433018551006,0.143638420112335,59.414527461269614
251,CVX,0.24150268336314848,-0.04209191422149323,-0.21255464376102462,3.214026689875254,1.175584907361493,-9.69296987087518,0.1459495506557568,-2.7658184695085586,0.47680656358472706,-0.07151400959024462,49.714034845920416
252,CSCO,0.6254824757064996,0.29698539210016844,0.32170384290655557,0.5665713945456711,1.4320202808112326,41.21388888888889,0.32573656341524915,3.609975669099757,0.5158346333853354,0.28777857516923017,24.956973371007695
253,CSCO,0.6402103657312618,0.2565960024227741,0.27078645939865004,0.7408407250289241,1.4895837300529382,31.557603686635943,0.312296760207154,3.247806497510078,0.5885668583615797,0.2749207113894576,-14.43145026078996
254,CSCO,0.6426441654327498,0.29572784810126584,0.25736120992357653,0.8912179918107926,1.7201452765386285,24.88034188034188,0.33189996146122797,3.4352135945244275,0.6089771426315582,0.2952272773371737,35.493798401243936
255,KO,0.5814342851827737,0.3958514830947936,0.42238059404187506,2.8311397165172116,1.1453559115798013,14.249433106575964,0.3215514835829225,1.7852272727272727,0.55860880146015,0.2922518835457167,1.282169079887764
256,KO,0.6027163368257664,0.42484455845906344,0.4333998669328011,2.7634095902804705,1.130075187969925,8.780212899185974,0.4003104384943733,1.991724889042671,0.6328320802005013,0.36274738067520373,14.016258154377068
257,KO,0.5931120130853578,0.40141976268200424,0.4026507276507276,3.3637006759943406,1.317717964522978,7.784272790535838,0.3853516689889138,1.588891357069699,0.6742003972330662,0.3388259526261586,23.37906066504936
258,CMCSA,0.6853006333023133,0.06634298209851378,0.24603683680014662,3.702936928261916,0.7826585864381252,3.3829568788501025,0.22236405412305335,2.5879112163924534,0.9471438304586366,0.10854258113928533,32.07420992933184
259,CMCSA,0.6696309661898011,0.14734837447446197,0.570766315959205,2.6903007154768948,0.8452705465449094,5.459939266526512,0.31943979035099024,4.3236973133724135,0.993117077824724,0.20083344073548998,-26.900542154838014
260,CMCSA,0.680188096249662,0.11662588709409563,0.393926928686287,3.4304790098573363,0.9286359216557856,4.065605928509155,0.30660268046811634,3.4204053538833197,0.8590429226281427,0.18011084932988297,5.670370327361305
261,COST,0.12148717361227385,0.2831121015405484,0.17873746023978468,0.9132147908668418,1.0218138633664604,50.620253164556964,0.043612361976435754,18.067879926987512,0.23101443840240016,0.035240621447518,10.790849711982942
262,COST,0.12884769482822858,0.28507173764518334,0.16970005083884088,1.1738878591288229,1.0021738392038313,40.06432748538012,0.04405677566873714,15.506139308549765,0.3042695560612751,0.0349667481587718,25.79887296664067
263,COST,0.13085793440912444,0.21887989499015534,0.14231863442389758,1.4168060200668897,1.1318628240218966,33.72560975609756,0.043031644089445376,12.534702156349503,0.35666559330220576,0.03316722734932028,41.75443947551262
264,CVS,0.1690157442466981,0.060319858959828734,0.06568342144957567,5.728679031343646,0.9454343786462309,3.5518146042850898,0.038289189281383834,4.620591581342435,0.23302747007389696,0.025190174498475812,-7.396876857076576
265,CVS,0.17842532461975072,0.10657342657342657,0.1333322223703506,4.336357411845259,0.8849823764508089,5.209748302037555,0.05999774058491464,7.477064220183486,0.26936746943530904,0.04464056471683709,-2.8090953376029333
266,CVS,0.1825266276153119,0.10346020262577642,0.1273572353598609,4.967986914359154,0.9089281971072448,4.360853113175095,0.0637053136141359,7.315060588574726,0.25581695341599886,0.0471779565770768,59.82570664172041
267,DE,0.30673530673530675,0.35193959135327213,0.1112688802896018,4.319844422376696,1.9347320754716981,9.594161958568739,0.23563823563823563,18.994047930142408,0.14185660377358492,0.1986856986856987,5.268104433931223
268,DE,0.31870889782260126,0.3235310075416418,0.10177852119888031,4.574072334429309,2.1020378874856487,8.65558912386707,0.24736829874747288,16.022557852544313,0.27719575200918484,0.19973043943020471,22.378411234000193
269,DE,0.3126836011750475,0.2126458993584293,0.053562041237514846,6.387279249448124,2.1873429581363655,4.113873295910184,0.20874373595991014,9.563202069057862,0.31868319066479284,0.14774494556765164,57.23739512537031
270,DAL,0.15450160136016766,0.2002430872075357,0.10129890092998232,6.061386138613861,0.5015805705474171,2.860058309037901,0.09983788699537385,4.515183263372131,0.24529683885890516,0.05818275275789807,31.066473823074837
271,DAL,-0.005986822301749222,0.0720349884229483,0.01756587202007528,9.436462585034013,0.7602785462176858,1.3111806098514465,0.1229138098264156,2.58111032615635,0.1556806257750644,0.05608883240242148,-12.6670013647368
272,DAL,-0.3697572389587599,-8.073663624511083,-0.7116180188462422,-2.8793131378584156,1.0927356062033027,-15.778256189451023,-0.722199473530272,-22.643006283242695,-0.23814905506372827,-0.8574436969874232,4.06991613997857
273,DOW,0.15050437594460653,0.2211603436625157,0.22376324656932167,1.756677181913775,1.807166181272615,10.19939577039275,0.1671294506344241,8.749757549622105,0.6596946430147383,0.11866015254296862,17.09889366138025
274,DOW,0.1960595255421336,0.3474263693916873,0.3027148887183423,1.3769414575866188,1.5762891274761832,12.142270861833106,0.21317857662640083,11.614351979835224,0.529941025253289,0.16147576771940036,-4.149529907046097
275,DOW,0.1348139691764828,0.09851226377161239,0.06418989729616432,3.2993762993762994,1.7180410514944184,3.5042321644498187,0.1497587047895802,3.8333678235025603,0.5604969391429601,0.0751907010533963,12.657501380452368
276,LLY,0.7677128662223998,0.5863772089616707,0.3462696498378109,1.8750187633508457,1.0522983743917098,21.52593486127865,0.30343641166866375,7.508688956399532,0.44261941160681983,0.25009284758280953,72.56273424842952
277,LLY,0.7417650714729646,0.6216255345687812,0.30249181678264075,2.0993298437130887,1.2258531691988812,19.11506768687463,0.28401675235889035,6.807662799911122,0.48934078271672193,0.22936677213401888,51.28541902703577
278,LLY,0.7765548211476866,1.0978623085649462,0.35469387988844414,1.86183723382772,1.3990273682861172,21.10539488320356,0.3632221941499116,7.929873980881371,0.5207345212152288,0.3092730992102625,76.10549242689095
279,XOM,0.25852386028720137,0.2857743438828192,0.5709252184244759,0.40152644968856915,1.414019842131943,98.43483709273183,0.2573299053113438,9.795610425240055,1.1122746035194437,0.19703016241299304,2.6047418215542373
280,XOM,0.23450623798302805,0.13667344892838287,0.38949183487169087,0.9036902326286277,1.0443302791165723,33.98204857444562,0.19078253075621993,4.013093901982791,0.8496901647158519,0.11630621774391743,89.2644822394616
281,XOM,0.04551054464815707,-0.142793509385937,-0.49985521128015503,3.6994093196237148,0.7964977023934141,-23.942141623488773,0.10238892559947137,-3.4574136425988278,0.26024164788957294,-0.15525776428819424,61.438854080109316
282,META,0.7834729737841848,0.18454734196145187,0.3895951233438009,0.7055187052268507,2.203396729075705,156.7783783783784,0.3232169043555815,11.095638867635808,1.8676459705468809,0.24872865730775498,195.9600779405315
283,META,0.8079437627725157,0.31526517669103693,0.5905559055590556,0.25098599703296304,3.154293825408091,2056.8260869565215,0.46870574667808595,17.259029551258664,2.72926425360776,0.4011481484622103,-61.63015586782075
285,FDX,0.21566216100607408,0.15341433096756085,0.18787134790081023,3.8926216640502354,1.4267199103264676,8.105950653120464,0.10217939943536658,17.562893081761008,0.688804819952361,0.05972495508597827,20.726857674643927
286,FDX,0.21384247072976095,0.2164432307183052,0.254178814382896,3.238188277087034,1.506588579795022,9.416141235813367,0.13411307900284664,23.4811320754717,0.7419472913616398,0.08893626651103514,-22.484666500308798
288,GE,0.23799032685588392,0.01006233303650935,0.005806584221164058,7.303910614525139,1.1811523832645463,0.45903859174001355,0.06161896073942753,0.6225278631213794,0.1196892449623695,0.011669736140036833,98.86433394897914
289,GE,0.23182631178168553,-0.15723005160778086,-0.09551010565343863,-24.616181229773463,1.277121188789652,-2.1815642458100557,-0.027360144504064175,-3.553142227789404,0.06700415768401602,-0.06915298659441463,-10.02798587167063
290,GE,0.2368726428778648,0.16046812580881112,0.06722292933578466,6.031044868329601,1.5536391101345783,2.6984352773826457,0.170754542817206,8.656672248782812,0.0653300375354756,0.12507582350924387,15.93757309585764
291,GM,0.13386288959071044,0.1465364644795846,0.09889398811360763,4.844852140403787,1.1017625832209097,12.749746707193516,0.15232079624844483,8.98857142857143,0.17596218178627446,0.080288384853415,10.815623650234341
292,GM,0.14076721993008096,0.16769884841992502,0.12202964568895168,4.292530232919859,1.1034162993226535,14.385263157894737,0.2024896853642405,9.110666666666667,0.20411783679174283,0.10760291014456237,-36.871132352695525
293,GM,0.1116218312446422,0.1427270708416611,0.07942019672779398,5.037395492548164,1.0126892754348642,8.372495446265939,0.17967914438502675,6.566428571428571,0.2086096858966337,0.07505408825570478,46.8032045854424
294,HD,0.3353049179494673,10.950704225352112,0.5267777401373533,1.8605785215560235,1.4050627434011251,14.9004329004329,0.17197257993812062,13.430323299888517,0.6324102120294245,0.1530720507233026,19.283783298672173
295,HD,0.3362861131141793,-9.689268867924529,0.5655825159180864,1.7832806598319586,1.012616317568745,17.1373422420193,0.17164934472105162,12.881696428571429,0.5775276199769979,0.15271538863565698,-1.4252436918770734
296,HD,0.33951252743925514,3.899969687784177,0.4518032096077536,2.083189407023604,1.2292583959250627,13.60430586488493,0.15777760956778442,10.24315259921744,0.8132176465509798,0.13871016577094844,40.84284088102896
297,HON,0.3699035696159702,0.29741869796969517,0.1987831238491714,2.5680880330123794,1.2529842511786538,16.408212560386474,0.225483561721085,7.093776106934001,0.2645200120373157,0.19153555517960863,5.268404519952791
298,HON,0.35854268434519654,0.29845441326942757,0.21842976509538073,2.344165435745938,1.3005946278449867,22.0932944606414,0.2559025354733659,7.913533834586466,0.30951404551978673,0.22034193998604326,7.505620930850874
299,HON,0.32074026411741274,0.2723232092996752,0.1696184560780834,3.148243591482436,1.4676772412356098,17.74651810584958,0.22590924410944632,6.653091060985798,0.3233838620617805,0.1952078928823115,4.112036720493498
300,IBM,0.5400132165868164,0.07473569084943492,0.056322549625661106,7.52899358795651,0.924234248531979,1.950657894736842,0.11851974227655708,1.050898151966359,0.33121726710046023,0.03918717991078804,23.08691836619669
301,IBM,0.5490052483827658,0.30379345008200626,0.19438708148549375,4.443468450318317,0.8786400547309557,5.1878787878787875,0.21636937455319,2.6647954418520983,0.3806181028585026,0.10447943366288295,17.36070231772924
302,IBM,0.5593613512386959,0.27139874739039666,0.14272947785012127,6.166556134533397,0.9823421706087436,2.9968944099378882,0.1912865401692673,1.720933277774355,0.4564197747623467,0.06995414922343646,19.979386913570305
303,INTC,0.426079233672725,0.07901560789958885,0.1589858551391672,1.97225221841401,1.5676255636759446,16.661290322580644,0.3377898309385606,1.9975827894609621,0.47995646089255173,0.13106226409109653,99.00221299391877
304,INTC,0.5544518121077141,0.2082796070908157,0.33928754397349636,1.1178575618913529,2.1323283082077054,37.3534338358459,0.43141324154687183,5.479115479115479,1.0726094239312505,0.28219275156914353,-45.51020661701536
305,INTC,0.5600832188218372,0.2578913596090723,0.4423162394971322,0.9592842460338376,1.908742021491476,40.869634340222575,0.48731811935736574,6.328655834564254,1.429425547386281,0.33013985385336536,9.794675614388497
306,JNJ,0.6925115639454932,0.233594604447685,0.3244655839693276,1.4900206728058636,0.9908963836421634,71.1413043478261,0.33260407550943866,6.29358592724057,0.3798071753700584,0.24546818352294036,-5.867489807917735
307,JNJ,0.7027940055880112,0.28204747173175904,0.34238016366290036,1.2616724608425853,1.3483173395834254,105.79781420765028,0.33973837947675894,6.205760995024429,0.5176226064653076,0.24588519177038354,8.790864030106523
308,JNJ,0.6557807807807807,0.23252947311861943,0.2871752834865429,1.4737765890760166,1.205775068834867,83.07462686567165,0.28975346314055994,5.352192401989459,0.5538794624997059,0.20219412961348446,14.991793420022415
309,LMT,0.12559105237633367,0.6186056550830995,0.2730694106998237,1.7855748248535661,1.3212689620444389,11.7223113964687,0.13195623181377303,28.751968503937007,0.4910933467615031,0.1106783462657614,4.734455862953981
310,LMT,0.13515005071296463,0.5762387079113058,0.3186979560938683,1.2306232204998417,1.4156604986782881,14.268892794376098,0.14144442455700734,29.95940959409594,0.6587840251482461,0.12109957639758964,43.46196709083646
311,LMT,0.1323282057555277,1.1359933499584371,0.35261636907833627,1.2029458283906682,1.390798822938348,14.934010152284264,0.1546836294687911,31.634408602150536,0.5873107012129477,0.13495825560414693,10.60268664748987
312,MA,0.7633223906102442,1.5766910130200062,0.5979766349512224,1.0826063460202269,1.1718297932397148,25.908704883227177,0.5824976390700184,8.673063255152808,0.789993649001482,0.5487700679048433,25.30488591778192
313,MA,0.7622855327261173,1.18804704595186,0.5125376128385155,1.2125785066294488,1.2877222306640328,24.91415313225058,0.6070747722940055,7.6427046263345195,0.7189636833308007,0.5686295276424487,0.7277144975764576
314,MA,0.7524998366119862,1.0031294007197622,0.335426149741014,1.453211009174312,1.6133198278045076,21.42105263157895,0.5698973923272989,5.795842911592696,0.6097746264877184,0.5319913731128685,8.911358675653338
315,MCD,0.5697031394235331,-1.028983575973615,1.1388591866081634,4.466568834265798,1.426632650377423,7.483347141673571,0.4703096287733041,5.439238829338793,1.9427947713105915,0.38961980105768984,16.978383502611788
316,MCD,0.5417152896494408,-1.6399043686155184,1.055494159613905,4.051051568733684,1.7782338308457712,8.697672457412716,0.5245598094983831,6.210827411778875,2.2740049751243783,0.4441176597238071,6.034167758489459
317,MCD,0.5077156155311905,-0.6045444670219428,0.7577043823680164,5.648964896489649,1.0100304148061865,6.041211723175437,0.47429690021761994,4.431410333614356,1.013589594253543,0.38311519278626394,32.50190921100065
318,MDT,0.679827052957142,0.09588780422827349,0.21852638882865694,2.747407998177054,1.8604970146845248,10.976491862567812,0.2769993056870542,4.561360231286363,0.5927061481361949,0.19156725367670263,-3.894122012636931
319,MDT,0.6519241624331773,0.07011744574939721,0.15992549228312933,3.508242488699814,2.6499001057703606,5.210810810810811,0.24975927217186306,3.5825758853066603,0.7333411681748737,0.16004250091310557,-4.867291636155101
320,MDT,0.674056652716771,0.09438871040857756,0.21737551631791566,3.1750320102432776,2.1253135249855295,4.7133699633699635,0.2701207069484315,3.8379666008827114,0.697858383175767,0.17801680904783315,45.48098576387501
321,MRK,0.7063070357438052,0.31569220064795284,0.40644420805106096,1.4398780201735866,1.473740665869054,18.093555093555093,0.35954658165072617,4.8659480758521925,0.7877800239283799,0.2936086230453924,3.2612425795885485
322,MRK,0.7202283180026281,0.3417399958097633,0.43114385779422454,1.8493770601709594,1.2678451742627346,18.219602977667495,0.36750574901445465,4.105276772026281,0.5910271447721179,0.30151527595269384,54.63690321284156
323,MRK,0.6719976877498917,0.2791404984792827,0.25453825097248234,3.122888015717092,1.0159915102279797,8.055354993983153,0.24519485524350884,1.8713464563802467,0.37519669191641963,0.16123127318271593,5.6962226721444384
324,META,0.7834729737841848,0.18454734196145187,0.3895951233438009,0.7055187052268507,2.203396729075705,156.7783783783784,0.3232169043555815,11.095638867635808,1.8676459705468809,0.24872865730775498,195.9600779405315
325,META,0.8079437627725157,0.31526517669103693,0.5905559055590556,0.25098599703296304,3.154293825408091,2056.8260869565215,0.46870574667808595,17.259029551258664,2.72926425360776,0.4011481484622103,-61.63015586782075
326,META,0.8058279532367824,0.22718840127835374,0.38517245936302363,0.2694963701211646,5.051064681930446,,0.45987320421101613,11.467532467532468,2.5864094519724987,0.3800500203571221,41.5369199337981
327,MSFT,0.684016744842891,0.4367546925099975,0.4286674052945475,0.6112391384590828,1.7846069708251824,41.57973824527387,0.5055681646239976,11.492363344051446,0.9364022633095643,0.4326373127553336,43.028257553518614
328,MSFT,0.689258007710247,0.4315223821731414,0.3322614231641053,0.7960979162261846,2.0799936835218875,31.307757885763,0.5064846984912664,9.768320255353105,0.8655830898857394,0.43696159154728476,0.33042704770703346
329,MSFT,0.6778100199279796,0.37429841763592103,0.2434158810433444,1.0376335442760476,2.5157654542940118,21.469316866074873,0.4784323322728385,7.347378153480386,0.8390955607799752,0.3889592000839073,38.707529849498776
330,NFLX,0.39370705238403253,0.21619277598771858,0.4847501309289953,0.7059021180148188,1.168390288506809,8.453751847887037,0.6431314653706799,13.358672323789815,0.2554865266233378,0.1888355888162629,73.49843902647343
331,NFLX,0.4163656122646479,0.3228057255460953,0.6339949131486742,0.8082592550857985,0.950625199818211,8.627939447767822,0.64127557542561,14.826742995049342,0.04624944899060734,0.22243106267242835,-41.98664801513854
332,NFLX,0.38885082510616875,0.2495558162317311,0.28288402082449765,1.0516550552811401,1.2505571188547981,3.3084325439773727,0.620414316562581,10.352987272085533,0.31093310922604195,0.18344049957321268,27.784291431018442
333,NEE,0.48382324871158616,0.10571261056871192,0.30741289844329134,7.056152927120669,0.505338078291815,7.55042735042735,0.4393491124260355,2.2229491696024155,0.30949616032964977,0.2107749570528727,-22.26267560533429
334,NEE,0.5015525221161169,0.09604322348260846,0.3846899224806202,6.331793509643146,0.5326604347078052,3.5,0.507293924658738,2.2643912379011715,0.43315937374548374,0.26041361532602963,3.683163418559923
335,NEE,0.5949324887481247,0.07994412948812751,0.395421295041994,5.541714680802028,0.4744825813086515,2.237435897435897,0.48219147635717063,2.2260204081632655,0.5131122252217508,0.24242929377118408,28.755842535433167
336,NVDA,0.5692889449099132,0.19763811592235644,0.1893121830711221,2.0095206280273925,3.515617857687033,16.958015267175572,0.22195447467932083,1.8016033866270404,0.8595154654883438,0.16471416919997034,235.20406151601696
337,NVDA,0.6492903321691313,0.3664512250112731,0.3382704915189566,1.0422870231697647,6.650288350634371,43.1228813559322,0.42175076168536824,4.0610534716679965,2.1010380622837372,0.3781303410864234,-10.431680240137684
338,NVDA,0.623448275862069,0.2564375776949032,0.2698224852071006,1.3349147777192059,4.090445859872611,24.96195652173913,0.34128935532233884,1.189896373056995,1.483312101910828,0.2754422788605697,106.63246659577372
339,ORCL,0.7908341187558907,-1.0799035369774919,0.21234154206050643,5.608383853319533,1.6212905540464353,3.7764065335753174,0.3187087653157399,3.9039399624765476,0.48890369535134026,0.24514608859566447,69.55242500894195
340,ORCL,0.805948763556412,2.6242840778923253,0.24737704032969207,4.575797077833903,2.299577884456216,6.2079326923076925,0.4548284295560661,5.50639658848614,0.6574656513822215,0.3827910768546654,-5.792875659127407
341,ORCL,0.7968158083341865,0.8394069902269339,0.19438051400076717,4.205156818982732,3.031395348837209,7.046616541353384,0.43580423876318214,4.5836322138897945,0.7638953488372093,0.3598341353537422,59.61822801528408
342,PEP,0.5303268821187147,0.5195638229634381,0.41366822972282835,2.6503618332886627,0.8041441105096135,12.400425985090521,0.1727474766182054,6.236743438671666,0.40362142990479744,0.13478099824057782,0.5554364022859806
343,PEP,0.5334952311447769,0.474848843732469,0.3497222604783547,2.737096449426136,0.8307780320366133,6.271604938271605,0.18747011601278404,6.258168184252812,0.44302059496567503,0.14701663437098925,11.084789899336583
344,PEP,0.5481583584380151,0.5292106436747436,0.3095517586191905,3.3736670952128867,0.9841263049803183,9.039893617021276,0.18790143807196044,5.461703267273701,0.45409036453876434,0.1449013812311715,28.140964571655747
345,PFE,0.657689624240008,0.3279497391831572,0.6120291070836341,0.8495771489849139,1.216455455883051,29.052504038772213,0.408960430579089,3.7784431137724552,0.6945512364136883,0.35848699292335295,-34.849374426475485
346,PFE,0.6208419446904833,0.284698384735949,0.36820062653912516,1.2015068359692138,1.3989126104380023,19.831138652207592,0.3788136010235213,2.7031992397846056,0.7635162053853906,0.3149542367877177,-0.15949921064650643
347,PFE,0.7963074115867567,0.14483380246054586,0.26118573017366753,2.885990046750113,1.3528935185185185,5.855762594893029,0.31840772130321,0.901987881364941,0.5556712962962963,0.2037165974406377,76.79771652188212
348,PG,0.4742664022846596,0.322257683731911,0.6808294462661063,1.5203144861353044,0.6545449049303226,41.99088838268793,0.26489331188347237,4.597924773022049,0.5055167618874883,0.22988763764700013,9.811135047160654
349,PG,0.5124937596889041,0.3143623099235299,0.6195487419340868,1.5748129675810474,0.6969395146685984,36.08964143426295,0.2739430883628051,4.518856629751571,0.5544790534830375,0.23801203394729237,10.717883124507821
350,PG,0.5031712473572939,0.2855295458530598,0.4654661092650159,1.8439830157415078,0.8487081513828238,35.05161290322581,0.2721916842847075,4.065399580963783,0.5277474526928675,0.22972515856236786,18.419295174383656
351,QCOM,0.5783936651583711,0.718148004219175,0.6242038216560509,0.8975072463768116,1.7465026125063206,31.60816326530612,0.3902714932126697,13.816235504014273,0.7665599190965785,0.3504072398190045,11.673702749514321
352,QCOM,0.5751057617827564,0.9088442211055276,0.4504607721046077,1.2682239226741845,1.6797757509831812,19.379248658318424,0.36986831913245544,9.629333333333333,0.88159986611999,0.3227372936900435,8.251408171408226
353,QCOM,0.606689048489227,0.8553562613131479,0.2806847021977429,2.038631060409645,2.1354935424354244,10.5,0.32782287195614296,5.588859416445623,0.6704335793357934,0.2686243678551698,22.6689336538249
354,RTX,0.2037749351462564,0.07155248375371737,0.12244657540701646,2.9067245119305856,1.0851101907245488,5.705384615384616,0.17182514834362048,4.3349932201804835,0.18325919108247687,0.11057936010972955,-10.95149957121418
355,RTX,0.1939957756103622,0.05288224667433076,0.09189060642092747,3.014005092761004,1.1862111766199328,4.841353383458647,0.17077716344660496,3.769762860312693,0.1994696606392282,0.10000310616885134,20.90773063580037
356,RTX,0.1507590082527789,-0.048764602358549396,-0.08112781261527112,10.382746807848022,1.2099977683552778,-0.6711647727272727,0.056744481948150634,-0.5538711490569831,0.10059138585137246,-0.016699948751480023,29.700646547690063
357,SLB,0.18372432451674914,0.19457167090754876,0.22935412917416517,1.9013996889580094,1.2483774338492262,9.716326530612244,0.22889893560215016,3.319647331265854,0.30953569645531703,0.1694848883984194,10.420321090870175
358,SLB,0.15953595882942997,0.125366568914956,0.14864864864864866,3.0745072557938053,1.2215464813205907,5.404452690166976,0.20136072222949103,2.0308402083368766,0.4489815619268269,0.12704435431113437,85.38916165442143
359,SLB,0.11020719461039787,-0.8713445447767376,-0.814149701989318,-1.9322576953884885,1.2314364693546849,-19.067495559502664,-0.37028092029998727,-7.484351743867203,0.2806214850824516,-0.4548536078979704,43.51080704648047
360,SIEGY,0.35910082387429315,0.07614275488291236,0.06328511448435295,4.440196422307962,1.3781801995970575,11.383164005805515,0.15843950150742597,9.227058823529411,0.23991472613971793,0.10896536393570168,55.722898628762216
361,SIEGY,0.3651810808640488,0.13951539855072465,0.11780565222379441,4.342398573339278,1.30745,12.639751552795031,0.1801172408255039,9.576470588235294,0.2499,0.1307315506303702,-32.351466941296344
362,SIEGY,0.359937742063923,0.11074471008518824,0.0760836731611539,4.7341193966432975,1.5525397895477329,7.759213759213759,0.17037680529916385,7.430588235294118,0.2597532022159041,0.11430846635537699,37.89869380554909
363,SBUX,0.25956657767524643,-0.37690947097604116,0.46755097097753145,3.812305819800775,0.7669201687099806,9.76351211430938,0.193616803564618,4.10732642216221,0.4804847133897157,0.14619398889312657,18.17340572042305
364,SBUX,0.2887414575060391,-0.7891640983236864,0.4304149071378787,3.211228709800294,1.1968986922491842,12.402511707109408,0.25294728945720324,4.937881355932204,0.7347326839561302,0.20050171021933477,-13.523106073977234
365,SBUX,0.21511608129943022,-0.11893505528436535,0.11891524902643985,8.135927333633962,1.0625578483149125,3.6645308924485125,0.13200952461944043,1.3648683201227307,0.217482441335003,0.06809252487456416,37.763056581660074
366,TXN,0.6875873776712602,0.6001920834190848,0.6239925825547393,0.778173719376392,4.69715242881072,47.87850467289719,0.5604653485120831,5.885123492245835,2.9212730318257956,0.5115837827042141,9.303771794291894
367,TXN,0.6746620148277366,0.582689567239181,0.5677018633540373,0.8077955652779159,5.3269754768392374,49.47282608695652,0.5482446576537288,5.228604250430787,3.4083300895289996,0.496238552115133,-1.2476500908750112
368,TXN,0.6409653550930088,0.6090127353869599,0.5464400820392616,0.9788859563828309,4.284100418410042,32.66842105263158,0.4978217274047438,3.565569375223879,2.5686192468619247,0.4292234285319134,23.05718165615824
369,HD,0.3353049179494673,10.950704225352112,0.5267777401373533,1.8605785215560235,1.4050627434011251,14.9004329004329,0.17197257993812062,13.430323299888517,0.6324102120294245,0.1530720507233026,19.28379518951351
370,HD,0.3362861131141793,-9.689268867924529,0.5655825159180864,1.7832806598319586,1.012616317568745,17.1373422420193,0.17164934472105162,12.881696428571429,0.5775276199769979,0.15271538863565698,-1.4252250920482272
371,HD,0.33951252743925514,3.899969687784177,0.4518032096077536,2.083189407023604,1.2292583959250627,13.60430586488493,0.15777760956778442,10.24315259921744,0.8132176465509798,0.13871016577094844,40.84281910315477
372,DIS,0.3423635792171369,0.0331024755810037,0.10808302976149564,4.301742102192215,1.000859904378633,4.411878631375081,0.14502792485674912,3.796666666666667,0.2067210126233963,0.08261405672009864,-5.280570951568478
373,DIS,0.3305793704945267,0.022528881009113187,0.05927444513771281,6.34886538885217,1.0830195964861473,2.821479374110953,0.13465246670028777,2.1594991834512793,0.17913569520867523,0.05884185232430508,-35.198112569923026
374,DIS,0.32892885544748274,-0.0342653410382494,-0.08124592210150067,12.083055173767917,1.3238320564818988,-0.16901408450704225,0.07788890927999022,-0.13800178286803316,0.2860898302538681,-0.003853918150119288,54.133150731615686
375,TMUS,0.5449849819657916,0.037182726541862866,0.1358367860701736,5.544963047467884,0.7706329318567617,1.9351961950059453,0.25337120307649774,5.179506387583289,0.6782394309271684,0.08181372610624474,18.58381943178509
376,TMUS,0.5431114106692628,0.04376139619692628,0.14475132832320137,4.715591957011614,0.8890165538959105,2.002692998204668,0.288025162884745,5.351184370568985,0.5922379675730882,0.0835392795626451,38.56868184051637
377,TMUS,0.5867362603622966,0.046890303623898136,0.12828134812643918,5.2618486900206065,1.1005390959775145,2.306923361717882,0.29799552611956664,5.011478771617208,0.3981016449338801,0.09110048686345892,-4.002517628845713
378,UNP,0.45045226130653265,0.5753514757872236,1.770748987854251,2.7767892604654856,0.7159420289855073,8.137686860739574,0.5060904522613066,9.296043460997565,1.6960144927536231,0.4157989949748744,24.886327498459423
379,UNP,0.48220509998165473,0.4606313113480686,1.836947338777809,2.658785780629908,0.6182103064066853,8.327571305099395,0.543157218858925,8.661138160750005,1.5724233983286908,0.4418913960741148,-11.752604447137848
380,UNP,0.4699226949265346,0.31542634744663284,1.2693402942572378,2.7425225050817925,1.0098250658998322,7.117440841367221,0.5288998105769723,7.301561889412394,2.0464893362089622,0.4157579480878513,27.42080712741756
381,UNH,0.24560867714291001,0.25870493236640435,0.2913028999985522,1.8100518297471337,0.7739950917220435,13.59225621414914,0.09820706930485375,30.444325481798714,0.2936674249470511,0.08771848643579445,11.7658434719739
382,UNH,0.2421861145978574,0.24087235228539577,0.2798827682243596,1.6992206257156577,0.7888162264343739,14.439759036144578,0.09413519612513344,25.47290116896918,0.28538037091912327,0.0833457928977006,19.937073614200752
383,UNH,0.26055743735926984,0.23519262188697684,0.28673815108529727,1.7183349146110056,0.7417564208782105,13.472639807576668,0.09837404381253864,23.683932346723044,0.3061861364264015,0.08713118483633493,54.09562765391783
393,DIS,0.3423635792171369,0.0331024755810037,0.10808302976149564,4.301742102192215,1.000859904378633,4.411878631375081,0.14502792485674912,3.796666666666667,0.2067210126233963,0.08261405672009864,-5.280570951568478
394,DIS,0.3305793704945267,0.022528881009113187,0.05927444513771281,6.34886538885217,1.0830195964861473,2.821479374110953,0.13465246670028777,2.1594991834512793,0.17913569520867523,0.05884185232430508,-35.198112569923026
395,DIS,0.32892885544748274,-0.0342653410382494,-0.08124592210150067,12.083055173767917,1.3238320564818988,-0.16901408450704225,0.07788890927999022,-0.13800178286803316,0.2860898302538681,-0.003853918150119288,54.133150731615686
396,WMB,0.5015047879616963,0.17895196506550218,0.5396365551751383,4.024043524043524,0.7764826175869121,3.2162162162162162,0.5196534427724578,2.9441340782122905,0.9997955010224949,0.3364341085271318,17.894311787656214
397,WMB,0.4472569869201092,0.13321039690902706,0.3334798856891625,4.652139772281115,0.914923572003218,2.758269720101781,0.4793450644584549,2.6016,0.7934432823813354,0.30601298579090996,36.56902796870181
398,WMB,0.5680787666796218,0.01798193284472473,0.14765570328901328,7.057413249211357,0.6162138852953859,1.2363481228668942,0.41067495789610053,1.1610576923076923,1.507546356188012,0.18771861640108822,41.6851943898955
399,XOM,0.25852386028720137,0.2857743438828192,0.5709252184244759,0.40152644968856915,1.414019842131943,98.43483709273183,0.2573299053113438,9.795610425240055,1.1122746035194437,0.19703016241299304,2.604749470520046
400,XOM,0.23450623798302805,0.13667344892838287,0.38949183487169087,0.9036902326286277,1.0443302791165723,33.98204857444562,0.19078253075621993,4.013093901982791,0.8496901647158519,0.11630621774391743,89.26450870747006
401,XOM,0.04551054464815707,-0.142793509385937,-0.49985521128015503,3.6994093196237148,0.7964977023934141,-23.942141623488773,0.10238892559947137,-3.4574136425988278,0.26024164788957294,-0.15525776428819424,61.43888212262174
402,MMM,0.4381372520377458,0.3924059231082733,0.3933142701525055,1.9407023603914795,1.5423711015436312,14.835497835497835,0.2537322153729294,7.2603389854179,0.5871049039168329,0.2002395629437027,-1.7986359685515645
403,MMM,0.4683920237590157,0.3935265186760601,0.3844056352658573,1.9059019464973457,1.704814609850581,15.762295081967213,0.2717295997737237,8.148019765951924,0.8250138350857775,0.21756470089096308,-25.982401724158272
404,MMM,0.48406040268456374,0.4234864381751768,0.36370311039914566,2.1389279913373036,1.885002516356316,13.844990548204159,0.28694382301764854,7.758202907674454,1.0207599396074485,0.2275664926671638,13.364584723003167
